INSERT INTO USER (USERNAME, PASSWORD, FIRSTNAME, LASTNAME, EMAIL, PHONENUMBER, ACTIVATED) VALUES ('admin', '$2a$08$lDnHPz7eUkSi6ao14Twuau08mzhWrL4kyZGGU5xfiGALO/Vxd5DOi', 'admin', 'admin', 'admin@admin.com', '099999999', 1);
INSERT INTO USER (USERNAME, PASSWORD, FIRSTNAME, LASTNAME, EMAIL, PHONENUMBER, ACTIVATED) VALUES ('patient', '$2a$08$UkVvwpULis18S19S5pZFn.YHPZt3oaqHZnDwqbCW9pft6uFtkXKDC', 'patient', 'patient', 'patient@user.com', '099999999', 1);
INSERT INTO USER (USERNAME, PASSWORD, FIRSTNAME, LASTNAME, EMAIL, PHONENUMBER, ACTIVATED) VALUES ('doctor', '$2a$08$UkVvwpULis18S19S5pZFn.YHPZt3oaqHZnDwqbCW9pft6uFtkXKDC', 'doctor', 'doctor', 'doctor@user.com', '099999999', 1);
INSERT INTO USER (USERNAME, PASSWORD, FIRSTNAME, LASTNAME, EMAIL, PHONENUMBER, ACTIVATED) VALUES ('doctor2', '$2a$08$UkVvwpULis18S19S5pZFn.YHPZt3oaqHZnDwqbCW9pft6uFtkXKDC', 'user', 'user', 'doctor2@user.com', '099999999', 1);
INSERT INTO USER (USERNAME, PASSWORD, FIRSTNAME, LASTNAME, EMAIL, PHONENUMBER, ACTIVATED) VALUES ('user', '$2a$08$UkVvwpULis18S19S5pZFn.YHPZt3oaqHZnDwqbCW9pft6uFtkXKDC', 'user', 'user', 'user@user.com', '099999999', 1);

INSERT INTO AUTHORITY (NAME) VALUES ('ROLE_USER');
INSERT INTO AUTHORITY (NAME) VALUES ('ROLE_ADMIN');
INSERT INTO AUTHORITY (NAME) VALUES ('ROLE_DOCTOR');

INSERT INTO USER_AUTHORITY (FK_USER, NAME) VALUES (1, 'ROLE_ADMIN');
INSERT INTO USER_AUTHORITY (FK_USER, NAME) VALUES (1, 'ROLE_DOCTOR');
INSERT INTO USER_AUTHORITY (FK_USER, NAME) VALUES (1, 'ROLE_USER');
INSERT INTO USER_AUTHORITY (FK_USER, NAME) VALUES (2, 'ROLE_USER');
INSERT INTO USER_AUTHORITY (FK_USER, NAME) VALUES (3, 'ROLE_DOCTOR');
INSERT INTO USER_AUTHORITY (FK_USER, NAME) VALUES (4, 'ROLE_DOCTOR');
INSERT INTO USER_AUTHORITY (FK_USER, NAME) VALUES (5, 'ROLE_USER');

INSERT INTO PATIENT (FK_USER, DIAGNOSIS) VALUES (2, 'Bolestan');
INSERT INTO PATIENT (FK_USER, DIAGNOSIS) VALUES (5, 'Bolestan');
INSERT INTO DOCTOR (FK_USER, PROFESSION, POSITION) VALUES (3, 'dipl. psihologinja', 'Programska voditeljica za zdravstvene programe');
INSERT INTO DOCTOR (FK_USER, PROFESSION, POSITION) VALUES (4, 'mag. psihologije', 'Stručna suradnica za djecu i mlade');

INSERT INTO BUSINESS_CATEGORY (NAME, DESCRIPTION) VALUES ('Za djecu', 'opis');
INSERT INTO BUSINESS_CATEGORY (NAME, DESCRIPTION) VALUES ('Za mlade', 'opis');
INSERT INTO BUSINESS_CATEGORY (NAME, DESCRIPTION) VALUES ('Za odrasle', 'opis');
INSERT INTO BUSINESS_CATEGORY (NAME, DESCRIPTION) VALUES ('Za organizacije', 'opis');

INSERT INTO BUSINESS_SERVICE (NAME, DESCRIPTION, FK_CATEGORY, PRICE) VALUES ('Psihološka procjena djeteta', 'opis1', 1, 10);
INSERT INTO BUSINESS_SERVICE (NAME, DESCRIPTION, FK_CATEGORY, PRICE) VALUES ('Individualni terapijski rad s djetetom', 'opis1', 1, 10);
INSERT INTO BUSINESS_SERVICE (NAME, DESCRIPTION, FK_CATEGORY, PRICE) VALUES ('Razvoj vještina učenja', 'opis1', 1, 10);
INSERT INTO BUSINESS_SERVICE (NAME, DESCRIPTION, FK_CATEGORY, PRICE) VALUES ('Psihosocijalne radionice za osnovnoškolce', 'opis1', 1, 10);

INSERT INTO BUSINESS_SERVICE (NAME, DESCRIPTION, FK_CATEGORY, PRICE) VALUES ('Profesionalno usmjeravanje', 'opis1', 2, 10.34);
INSERT INTO BUSINESS_SERVICE (NAME, DESCRIPTION, FK_CATEGORY, PRICE) VALUES ('Individualni terapijski rad s adolescentome', 'opis1', 2, 10.34);
INSERT INTO BUSINESS_SERVICE (NAME, DESCRIPTION, FK_CATEGORY, PRICE) VALUES ('Razvoj vještina učenja', 'opis1', 2, 10.34);

INSERT INTO BUSINESS_SERVICE (NAME, DESCRIPTION, FK_CATEGORY, PRICE) VALUES ('Psihološko savjetovanje', 'opis2', 3, 10000.30);
INSERT INTO BUSINESS_SERVICE (NAME, DESCRIPTION, FK_CATEGORY, PRICE) VALUES ('Psihološka procjena', 'opis2', 3, 10000.30);
INSERT INTO BUSINESS_SERVICE (NAME, DESCRIPTION, FK_CATEGORY, PRICE) VALUES ('Obiteljska meditacija', 'opis2', 3, 10000.30);
INSERT INTO BUSINESS_SERVICE (NAME, DESCRIPTION, FK_CATEGORY, PRICE) VALUES ('Psihološka pomoć onkološkim bolesnicima', 'opis2', 3, 10000.30);

INSERT INTO BUSINESS_SERVICE (NAME, DESCRIPTION, FK_CATEGORY, PRICE) VALUES ('Djeca i mladi iz alternativne skrbi', 'opis2', 4, 10000.30);
INSERT INTO BUSINESS_SERVICE (NAME, DESCRIPTION, FK_CATEGORY, PRICE) VALUES ('Profesionalna selekcija', 'opis2', 4, 10000.30);
INSERT INTO BUSINESS_SERVICE (NAME, DESCRIPTION, FK_CATEGORY, PRICE) VALUES ('Evaluacija projekata', 'opis2', 4, 10000.30);

INSERT INTO DOCTOR_SERVICE (FK_SERVICE, FK_DOCTOR) VALUES (1, 1);
INSERT INTO DOCTOR_SERVICE (FK_SERVICE, FK_DOCTOR) VALUES (2, 1);
INSERT INTO DOCTOR_SERVICE (FK_SERVICE, FK_DOCTOR) VALUES (3, 1);
INSERT INTO DOCTOR_SERVICE (FK_SERVICE, FK_DOCTOR) VALUES (4, 2);
INSERT INTO DOCTOR_SERVICE (FK_SERVICE, FK_DOCTOR) VALUES (5, 2);
INSERT INTO DOCTOR_SERVICE (FK_SERVICE, FK_DOCTOR) VALUES (10, 2);
INSERT INTO DOCTOR_SERVICE (FK_SERVICE, FK_DOCTOR) VALUES (11, 2);

INSERT INTO MEETING (DESCRIPTION, FK_SERVICE, FK_DOCTOR, FK_PATIENT, IS_ACTIVE) VALUES ('1. Sastanak', 1, 1, 1, TRUE);
INSERT INTO MEETING (DESCRIPTION, FK_SERVICE, FK_DOCTOR, FK_PATIENT, IS_ACTIVE) VALUES ('1. aaa', 3, 1, 1, TRUE);
INSERT INTO MEETING (DESCRIPTION, FK_SERVICE, FK_DOCTOR, FK_PATIENT, IS_ACTIVE) VALUES ('1. bbb', 4, 2, 2, FALSE);
INSERT INTO MEETING (DESCRIPTION, FK_SERVICE, FK_DOCTOR, FK_PATIENT, IS_ACTIVE) VALUES ('1. bbb', 10, 2, 2, TRUE);
INSERT INTO MEETING (DESCRIPTION, FK_SERVICE, FK_DOCTOR, FK_PATIENT, IS_ACTIVE) VALUES ('1. bbb', 10, 2, 1, TRUE);
INSERT INTO MEETING (DESCRIPTION, FK_SERVICE, FK_DOCTOR, FK_PATIENT, IS_ACTIVE) VALUES ('1. bbb', 11, 2, 2, FALSE);

INSERT INTO TERMIN (FK_MEETING, TERMIN_START, TERMIN_END, TERMIN_TYPE, DESCRIPTION) VALUES (1, CURRENT_TIMESTAMP, CURRENT_TIMESTAMP + INTERVAL 1 HOUR, 0, 'Termin1');
INSERT INTO TERMIN (FK_MEETING, TERMIN_START, TERMIN_END, TERMIN_TYPE, DESCRIPTION) VALUES (1, CURRENT_TIMESTAMP, CURRENT_TIMESTAMP + INTERVAL 2 HOUR, 1, 'Termin2');
INSERT INTO TERMIN (FK_MEETING, TERMIN_START, TERMIN_END, TERMIN_TYPE, DESCRIPTION) VALUES (3, CURRENT_TIMESTAMP, CURRENT_TIMESTAMP + INTERVAL 2 HOUR, 1, 'Termin2');
INSERT INTO TERMIN (FK_MEETING, TERMIN_START, TERMIN_END, TERMIN_TYPE, DESCRIPTION) VALUES (5, CURRENT_TIMESTAMP, CURRENT_TIMESTAMP + INTERVAL 2 HOUR, 2, 'Termin2');
INSERT INTO TERMIN (FK_MEETING, TERMIN_START, TERMIN_END, TERMIN_TYPE, DESCRIPTION) VALUES (6, CURRENT_TIMESTAMP, CURRENT_TIMESTAMP + INTERVAL 2 HOUR, 0, 'Termin2');

INSERT INTO REVIEW (GRADE, FK_PATIENT, FK_DOCTOR, DESCRIPTION) VALUES (5, 1, 1, 'Dobar doktor');
INSERT INTO REVIEW (GRADE, FK_PATIENT, FK_DOCTOR, DESCRIPTION) VALUES (2, 2, 2, 'Los doktor');
INSERT INTO REVIEW (GRADE, FK_PATIENT, FK_DOCTOR, DESCRIPTION) VALUES (4, 1, 2, 'OK');

INSERT INTO MESSAGE (CREATION_DATE, FK_SENDER, FK_RECIPIENT, FK_MEETING, CONTENT, MESSAGE_TYPE) VALUES (CURRENT_TIMESTAMP, 2, 3, 1, 'content1', 'TEXT')
INSERT INTO MESSAGE (CREATION_DATE, FK_SENDER, FK_RECIPIENT, FK_MEETING, CONTENT, MESSAGE_TYPE) VALUES (CURRENT_TIMESTAMP + INTERVAL 1 HOUR, 3, 2, 1, 'content2', 'TEXT')
INSERT INTO MESSAGE (CREATION_DATE, FK_SENDER, FK_RECIPIENT, FK_MEETING, CONTENT, MESSAGE_TYPE) VALUES (CURRENT_TIMESTAMP + INTERVAL 2 HOUR, 2, 3, 1, 'content3', 'TEXT')
INSERT INTO MESSAGE (CREATION_DATE, FK_SENDER, FK_RECIPIENT, FK_MEETING, CONTENT, MESSAGE_TYPE) VALUES (CURRENT_TIMESTAMP + INTERVAL 3 HOUR, 3, 2, 1, 'content4', 'TEXT')
INSERT INTO MESSAGE (CREATION_DATE, FK_SENDER, FK_RECIPIENT, FK_MEETING, CONTENT, MESSAGE_TYPE) VALUES (CURRENT_TIMESTAMP + INTERVAL 4 HOUR, 3, 3, 1, 'content5', 'TEXT')

INSERT INTO ANSWER_OPTIONS (HAS_OTHER) VALUES (TRUE)

INSERT INTO OPTIONS_VALUES (PK_ANSWER_OPTIONS, FK_OPTIONS_VALUES) VALUES (1, 'Preko interneta')
INSERT INTO OPTIONS_VALUES (PK_ANSWER_OPTIONS, FK_OPTIONS_VALUES) VALUES (1, 'Preporuka prijatelja')
INSERT INTO OPTIONS_VALUES (PK_ANSWER_OPTIONS, FK_OPTIONS_VALUES) VALUES (1, 'Preporuka stručnjaka')

INSERT INTO QUESTION (CONTENT, IS_MULTI_SELECT, IS_MANDATORY, FK_ANSWER_OPTIONS) VALUES ('Ukoliko želite, možete nam ukratko opisati problem zbog kojeg se javljate:', FALSE, FALSE, NULL)
INSERT INTO QUESTION (CONTENT, IS_MULTI_SELECT, IS_MANDATORY, FK_ANSWER_OPTIONS) VALUES ('Pod kojim uvjetima i u kojim situacijama su vaši psihološki problemi najviše izraženi?', FALSE, TRUE, NULL)
INSERT INTO QUESTION (CONTENT, IS_MULTI_SELECT, IS_MANDATORY, FK_ANSWER_OPTIONS) VALUES ('Pod kojim uvjetima osjećate poboljšanje?', FALSE, FALSE, NULL)
INSERT INTO QUESTION (CONTENT, IS_MULTI_SELECT, IS_MANDATORY, FK_ANSWER_OPTIONS) VALUES ('Jeste li ste prethodno tražili pomoć za svoje psihološke probleme (npr. kod psihologa ili psihijatra)? Ako jeste, molimo Vas da ukratko opišete vrstu i trajanje tretmana. Ako ste prethodno uzimali lijekove za smirenje, opišite ukratko vrstu, dozu i učestalost uzimanja lijeka.', FALSE, FALSE, NULL)
INSERT INTO QUESTION (CONTENT, IS_MULTI_SELECT, IS_MANDATORY, FK_ANSWER_OPTIONS) VALUES ('Kako ste čuli za Centar Sirius?', TRUE, TRUE, 1)

INSERT INTO SERVICE_QUESTION (FK_SERVICE, FK_QUESTION) VALUES (1, 1)
INSERT INTO SERVICE_QUESTION (FK_SERVICE, FK_QUESTION) VALUES (1, 2)
INSERT INTO SERVICE_QUESTION (FK_SERVICE, FK_QUESTION) VALUES (1, 3)
INSERT INTO SERVICE_QUESTION (FK_SERVICE, FK_QUESTION) VALUES (1, 4)
INSERT INTO SERVICE_QUESTION (FK_SERVICE, FK_QUESTION) VALUES (1, 5)

INSERT INTO SERVICE_QUESTION (FK_SERVICE, FK_QUESTION) VALUES (2, 1)
INSERT INTO SERVICE_QUESTION (FK_SERVICE, FK_QUESTION) VALUES (2, 2)
INSERT INTO SERVICE_QUESTION (FK_SERVICE, FK_QUESTION) VALUES (2, 3)
INSERT INTO SERVICE_QUESTION (FK_SERVICE, FK_QUESTION) VALUES (2, 4)
INSERT INTO SERVICE_QUESTION (FK_SERVICE, FK_QUESTION) VALUES (2, 5)

INSERT INTO SERVICE_QUESTION (FK_SERVICE, FK_QUESTION) VALUES (3, 1)
INSERT INTO SERVICE_QUESTION (FK_SERVICE, FK_QUESTION) VALUES (3, 2)
INSERT INTO SERVICE_QUESTION (FK_SERVICE, FK_QUESTION) VALUES (3, 3)
INSERT INTO SERVICE_QUESTION (FK_SERVICE, FK_QUESTION) VALUES (3, 4)
INSERT INTO SERVICE_QUESTION (FK_SERVICE, FK_QUESTION) VALUES (3, 5)

INSERT INTO SERVICE_QUESTION (FK_SERVICE, FK_QUESTION) VALUES (4, 1)
INSERT INTO SERVICE_QUESTION (FK_SERVICE, FK_QUESTION) VALUES (4, 2)
INSERT INTO SERVICE_QUESTION (FK_SERVICE, FK_QUESTION) VALUES (4, 3)
INSERT INTO SERVICE_QUESTION (FK_SERVICE, FK_QUESTION) VALUES (4, 4)
INSERT INTO SERVICE_QUESTION (FK_SERVICE, FK_QUESTION) VALUES (4, 5)

INSERT INTO SERVICE_QUESTION (FK_SERVICE, FK_QUESTION) VALUES (5, 1)
INSERT INTO SERVICE_QUESTION (FK_SERVICE, FK_QUESTION) VALUES (5, 2)
INSERT INTO SERVICE_QUESTION (FK_SERVICE, FK_QUESTION) VALUES (5, 3)
INSERT INTO SERVICE_QUESTION (FK_SERVICE, FK_QUESTION) VALUES (5, 4)
INSERT INTO SERVICE_QUESTION (FK_SERVICE, FK_QUESTION) VALUES (5, 5)

INSERT INTO SERVICE_QUESTION (FK_SERVICE, FK_QUESTION) VALUES (6, 1)
INSERT INTO SERVICE_QUESTION (FK_SERVICE, FK_QUESTION) VALUES (6, 2)
INSERT INTO SERVICE_QUESTION (FK_SERVICE, FK_QUESTION) VALUES (6, 3)
INSERT INTO SERVICE_QUESTION (FK_SERVICE, FK_QUESTION) VALUES (6, 4)
INSERT INTO SERVICE_QUESTION (FK_SERVICE, FK_QUESTION) VALUES (6, 5)

INSERT INTO SERVICE_QUESTION (FK_SERVICE, FK_QUESTION) VALUES (7, 1)
INSERT INTO SERVICE_QUESTION (FK_SERVICE, FK_QUESTION) VALUES (7, 2)
INSERT INTO SERVICE_QUESTION (FK_SERVICE, FK_QUESTION) VALUES (7, 3)
INSERT INTO SERVICE_QUESTION (FK_SERVICE, FK_QUESTION) VALUES (7, 4)
INSERT INTO SERVICE_QUESTION (FK_SERVICE, FK_QUESTION) VALUES (7, 5)

INSERT INTO SERVICE_QUESTION (FK_SERVICE, FK_QUESTION) VALUES (8, 1)
INSERT INTO SERVICE_QUESTION (FK_SERVICE, FK_QUESTION) VALUES (8, 2)
INSERT INTO SERVICE_QUESTION (FK_SERVICE, FK_QUESTION) VALUES (8, 3)
INSERT INTO SERVICE_QUESTION (FK_SERVICE, FK_QUESTION) VALUES (8, 4)
INSERT INTO SERVICE_QUESTION (FK_SERVICE, FK_QUESTION) VALUES (8, 5)

INSERT INTO SERVICE_QUESTION (FK_SERVICE, FK_QUESTION) VALUES (9, 1)
INSERT INTO SERVICE_QUESTION (FK_SERVICE, FK_QUESTION) VALUES (9, 2)
INSERT INTO SERVICE_QUESTION (FK_SERVICE, FK_QUESTION) VALUES (9, 3)
INSERT INTO SERVICE_QUESTION (FK_SERVICE, FK_QUESTION) VALUES (9, 4)
INSERT INTO SERVICE_QUESTION (FK_SERVICE, FK_QUESTION) VALUES (9, 5)

INSERT INTO SERVICE_QUESTION (FK_SERVICE, FK_QUESTION) VALUES (10, 1)
INSERT INTO SERVICE_QUESTION (FK_SERVICE, FK_QUESTION) VALUES (10, 2)
INSERT INTO SERVICE_QUESTION (FK_SERVICE, FK_QUESTION) VALUES (10, 3)
INSERT INTO SERVICE_QUESTION (FK_SERVICE, FK_QUESTION) VALUES (10, 4)
INSERT INTO SERVICE_QUESTION (FK_SERVICE, FK_QUESTION) VALUES (10, 5)

INSERT INTO SERVICE_QUESTION (FK_SERVICE, FK_QUESTION) VALUES (11, 1)
INSERT INTO SERVICE_QUESTION (FK_SERVICE, FK_QUESTION) VALUES (11, 2)
INSERT INTO SERVICE_QUESTION (FK_SERVICE, FK_QUESTION) VALUES (11, 3)
INSERT INTO SERVICE_QUESTION (FK_SERVICE, FK_QUESTION) VALUES (11, 4)
INSERT INTO SERVICE_QUESTION (FK_SERVICE, FK_QUESTION) VALUES (11, 5)

INSERT INTO SERVICE_QUESTION (FK_SERVICE, FK_QUESTION) VALUES (12, 1)
INSERT INTO SERVICE_QUESTION (FK_SERVICE, FK_QUESTION) VALUES (12, 2)
INSERT INTO SERVICE_QUESTION (FK_SERVICE, FK_QUESTION) VALUES (12, 3)
INSERT INTO SERVICE_QUESTION (FK_SERVICE, FK_QUESTION) VALUES (12, 4)
INSERT INTO SERVICE_QUESTION (FK_SERVICE, FK_QUESTION) VALUES (12, 5)

INSERT INTO SERVICE_QUESTION (FK_SERVICE, FK_QUESTION) VALUES (13, 1)
INSERT INTO SERVICE_QUESTION (FK_SERVICE, FK_QUESTION) VALUES (13, 2)
INSERT INTO SERVICE_QUESTION (FK_SERVICE, FK_QUESTION) VALUES (13, 3)
INSERT INTO SERVICE_QUESTION (FK_SERVICE, FK_QUESTION) VALUES (13, 4)
INSERT INTO SERVICE_QUESTION (FK_SERVICE, FK_QUESTION) VALUES (13, 5)

INSERT INTO SERVICE_QUESTION (FK_SERVICE, FK_QUESTION) VALUES (14, 1)
INSERT INTO SERVICE_QUESTION (FK_SERVICE, FK_QUESTION) VALUES (14, 2)
INSERT INTO SERVICE_QUESTION (FK_SERVICE, FK_QUESTION) VALUES (14, 3)
INSERT INTO SERVICE_QUESTION (FK_SERVICE, FK_QUESTION) VALUES (14, 4)
INSERT INTO SERVICE_QUESTION (FK_SERVICE, FK_QUESTION) VALUES (14, 5)
