INSERT INTO USER (USERNAME, PASSWORD, FIRSTNAME, LASTNAME, EMAIL, PHONENUMBER, ACTIVATED) VALUES ('admin', '$2a$08$lDnHPz7eUkSi6ao14Twuau08mzhWrL4kyZGGU5xfiGALO/Vxd5DOi', 'admin', 'admin', 'admin@admin.com', '099999999', 1);
INSERT INTO USER (USERNAME, PASSWORD, FIRSTNAME, LASTNAME, EMAIL, PHONENUMBER, ACTIVATED) VALUES ('patient', '$2a$08$UkVvwpULis18S19S5pZFn.YHPZt3oaqHZnDwqbCW9pft6uFtkXKDC', 'patient', 'patient', 'patient@user.com', '099999999', 1);
INSERT INTO USER (USERNAME, PASSWORD, FIRSTNAME, LASTNAME, EMAIL, PHONENUMBER, ACTIVATED) VALUES ('doctor', '$2a$08$UkVvwpULis18S19S5pZFn.YHPZt3oaqHZnDwqbCW9pft6uFtkXKDC', 'doctor', 'doctor', 'doctor@user.com', '099999999', 1);
INSERT INTO USER (USERNAME, PASSWORD, FIRSTNAME, LASTNAME, EMAIL, PHONENUMBER, ACTIVATED) VALUES ('doctor2', '$2a$08$UkVvwpULis18S19S5pZFn.YHPZt3oaqHZnDwqbCW9pft6uFtkXKDC', 'user', 'user', 'doctor2@user.com', '099999999', 1);
INSERT INTO USER (USERNAME, PASSWORD, FIRSTNAME, LASTNAME, EMAIL, PHONENUMBER, ACTIVATED) VALUES ('user', '$2a$08$UkVvwpULis18S19S5pZFn.YHPZt3oaqHZnDwqbCW9pft6uFtkXKDC', 'user', 'user', 'user@user.com', '099999999', 1);

INSERT INTO AUTHORITY (NAME) VALUES ('ROLE_USER');
INSERT INTO AUTHORITY (NAME) VALUES ('ROLE_ADMIN');
INSERT INTO AUTHORITY (NAME) VALUES ('ROLE_DOCTOR');

INSERT INTO USER_AUTHORITY (FK_USER, NAME) VALUES (1, 'ROLE_ADMIN');
INSERT INTO USER_AUTHORITY (FK_USER, NAME) VALUES (1, 'ROLE_DOCTOR');
INSERT INTO USER_AUTHORITY (FK_USER, NAME) VALUES (1, 'ROLE_USER');
INSERT INTO USER_AUTHORITY (FK_USER, NAME) VALUES (2, 'ROLE_USER');
INSERT INTO USER_AUTHORITY (FK_USER, NAME) VALUES (3, 'ROLE_DOCTOR');
INSERT INTO USER_AUTHORITY (FK_USER, NAME) VALUES (4, 'ROLE_DOCTOR');
INSERT INTO USER_AUTHORITY (FK_USER, NAME) VALUES (5, 'ROLE_USER');

INSERT INTO PATIENT (FK_USER, DIAGNOSIS) VALUES (2, 'Bolestan');
INSERT INTO PATIENT (FK_USER, DIAGNOSIS) VALUES (5, 'Bolestan');
INSERT INTO DOCTOR (FK_USER, BIOGRAPHY) VALUES (3, 'Zavrsio Medicinu');
INSERT INTO DOCTOR (FK_USER, BIOGRAPHY) VALUES (4, 'biografija');

INSERT INTO BUSINESS_CATEGORY (NAME, decription) VALUES ('Za djecu', 'opis');
INSERT INTO BUSINESS_CATEGORY (NAME, decription) VALUES ('Za mlade', 'opis');
INSERT INTO BUSINESS_CATEGORY (NAME, decription) VALUES ('Za odrasle', 'opis');
INSERT INTO BUSINESS_CATEGORY (NAME, decription) VALUES ('Za organizacije', 'opis');

INSERT INTO BUSINESS_SERVICE (NAME, DESCRIPTION, FK_CATEGORY, PRICE) VALUES ('Psihološka procjena djeteta', 'opis1', 1, 10);
INSERT INTO BUSINESS_SERVICE (NAME, DESCRIPTION, FK_CATEGORY, PRICE) VALUES ('Individualni terapijski rad s djetetom', 'opis1', 1, 10);
INSERT INTO BUSINESS_SERVICE (NAME, DESCRIPTION, FK_CATEGORY, PRICE) VALUES ('Razvoj vještina učenja', 'opis1', 1, 10);
INSERT INTO BUSINESS_SERVICE (NAME, DESCRIPTION, FK_CATEGORY, PRICE) VALUES ('Psihosocijalne radionice za osnovnoškolce', 'opis1', 1, 10);

INSERT INTO BUSINESS_SERVICE (NAME, DESCRIPTION, FK_CATEGORY, PRICE) VALUES ('Profesionalno usmjeravanje', 'opis1', 2, 10.34);
INSERT INTO BUSINESS_SERVICE (NAME, DESCRIPTION, FK_CATEGORY, PRICE) VALUES ('Individualni terapijski rad s adolescentome', 'opis1', 2, 10.34);
INSERT INTO BUSINESS_SERVICE (NAME, DESCRIPTION, FK_CATEGORY, PRICE) VALUES ('Razvoj vještina učenja', 'opis1', 2, 10.34);

INSERT INTO BUSINESS_SERVICE (NAME, DESCRIPTION, FK_CATEGORY, PRICE) VALUES ('Psihološko savjetovanje', 'opis2', 3, 10000.30);
INSERT INTO BUSINESS_SERVICE (NAME, DESCRIPTION, FK_CATEGORY, PRICE) VALUES ('Psihološka procjena', 'opis2', 3, 10000.30);
INSERT INTO BUSINESS_SERVICE (NAME, DESCRIPTION, FK_CATEGORY, PRICE) VALUES ('Obiteljska meditacija', 'opis2', 3, 10000.30);
INSERT INTO BUSINESS_SERVICE (NAME, DESCRIPTION, FK_CATEGORY, PRICE) VALUES ('Psihološka pomoć onkološkim bolesnicima', 'opis2', 3, 10000.30);

INSERT INTO BUSINESS_SERVICE (NAME, DESCRIPTION, FK_CATEGORY, PRICE) VALUES ('Djeca i mladi iz alternativne skrbi', 'opis2', 4, 10000.30);
INSERT INTO BUSINESS_SERVICE (NAME, DESCRIPTION, FK_CATEGORY, PRICE) VALUES ('Profesionalna selekcija', 'opis2', 4, 10000.30);
INSERT INTO BUSINESS_SERVICE (NAME, DESCRIPTION, FK_CATEGORY, PRICE) VALUES ('Evaluacija projekata', 'opis2', 4, 10000.30);

INSERT INTO DOCTOR_SERVICE (FK_SERVICE, FK_DOCTOR) VALUES (1, 1);
INSERT INTO DOCTOR_SERVICE (FK_SERVICE, FK_DOCTOR) VALUES (2, 1);
INSERT INTO DOCTOR_SERVICE (FK_SERVICE, FK_DOCTOR) VALUES (3, 1);
INSERT INTO DOCTOR_SERVICE (FK_SERVICE, FK_DOCTOR) VALUES (4, 2);
INSERT INTO DOCTOR_SERVICE (FK_SERVICE, FK_DOCTOR) VALUES (5, 2);
INSERT INTO DOCTOR_SERVICE (FK_SERVICE, FK_DOCTOR) VALUES (10, 2);
INSERT INTO DOCTOR_SERVICE (FK_SERVICE, FK_DOCTOR) VALUES (11, 2);

INSERT INTO MEETING (DESCRIPTION, FK_SERVICE, FK_DOCTOR, FK_PATIENT) VALUES ('1. Sastanak', 1, 1, 1);
INSERT INTO MEETING (DESCRIPTION, FK_SERVICE, FK_DOCTOR, FK_PATIENT) VALUES ('1. aaa', 3, 1, 1);
INSERT INTO MEETING (DESCRIPTION, FK_SERVICE, FK_DOCTOR, FK_PATIENT) VALUES ('1. bbb', 4, 2, 2);
INSERT INTO MEETING (DESCRIPTION, FK_SERVICE, FK_DOCTOR, FK_PATIENT) VALUES ('1. bbb', 10, 2, 2);
INSERT INTO MEETING (DESCRIPTION, FK_SERVICE, FK_DOCTOR, FK_PATIENT) VALUES ('1. bbb', 10, 2, 1);
INSERT INTO MEETING (DESCRIPTION, FK_SERVICE, FK_DOCTOR, FK_PATIENT) VALUES ('1. bbb', 11, 2, 2);

INSERT INTO TERMIN (FK_MEETING, TERMIN_START, TERMIN_END, TERMIN_TYPE, DESCRIPTION) VALUES (1, CURRENT_TIMESTAMP, CURRENT_TIMESTAMP + INTERVAL 1 HOUR, 0, 'Termin1');
INSERT INTO TERMIN (FK_MEETING, TERMIN_START, TERMIN_END, TERMIN_TYPE, DESCRIPTION) VALUES (1, CURRENT_TIMESTAMP, CURRENT_TIMESTAMP + INTERVAL 2 HOUR, 1, 'Termin2');
INSERT INTO TERMIN (FK_MEETING, TERMIN_START, TERMIN_END, TERMIN_TYPE, DESCRIPTION) VALUES (3, CURRENT_TIMESTAMP, CURRENT_TIMESTAMP + INTERVAL 2 HOUR, 1, 'Termin2');
INSERT INTO TERMIN (FK_MEETING, TERMIN_START, TERMIN_END, TERMIN_TYPE, DESCRIPTION) VALUES (5, CURRENT_TIMESTAMP, CURRENT_TIMESTAMP + INTERVAL 2 HOUR, 2, 'Termin2');
INSERT INTO TERMIN (FK_MEETING, TERMIN_START, TERMIN_END, TERMIN_TYPE, DESCRIPTION) VALUES (6, CURRENT_TIMESTAMP, CURRENT_TIMESTAMP + INTERVAL 2 HOUR, 0, 'Termin2');

INSERT INTO REVIEW (GRADE, FK_PATIENT, FK_DOCTOR, DESCRIPTION) VALUES (5, 1, 1, 'Dobar doktor');
INSERT INTO REVIEW (GRADE, FK_PATIENT, FK_DOCTOR, DESCRIPTION) VALUES (2, 2, 2, 'Los doktor');
INSERT INTO REVIEW (GRADE, FK_PATIENT, FK_DOCTOR, DESCRIPTION) VALUES (4, 1, 2, 'OK');

INSERT INTO MESSAGE (CREATION_DATE, FK_SENDER, FK_RECIPIENT, FK_MEETING, CONTENT, MESSAGE_TYPE) VALUES (CURRENT_TIMESTAMP, 2, 3, 1, 'content1', 'TEXT')
INSERT INTO MESSAGE (CREATION_DATE, FK_SENDER, FK_RECIPIENT, FK_MEETING, CONTENT, MESSAGE_TYPE) VALUES (CURRENT_TIMESTAMP + INTERVAL 1 HOUR, 3, 2, 1, 'content2', 'TEXT')
INSERT INTO MESSAGE (CREATION_DATE, FK_SENDER, FK_RECIPIENT, FK_MEETING, CONTENT, MESSAGE_TYPE) VALUES (CURRENT_TIMESTAMP + INTERVAL 2 HOUR, 2, 3, 1, 'content3', 'TEXT')
INSERT INTO MESSAGE (CREATION_DATE, FK_SENDER, FK_RECIPIENT, FK_MEETING, CONTENT, MESSAGE_TYPE) VALUES (CURRENT_TIMESTAMP + INTERVAL 3 HOUR, 3, 2, 1, 'content4', 'TEXT')
INSERT INTO MESSAGE (CREATION_DATE, FK_SENDER, FK_RECIPIENT, FK_MEETING, CONTENT, MESSAGE_TYPE) VALUES (CURRENT_TIMESTAMP + INTERVAL 4 HOUR, 3, 3, 1, 'content5', 'TEXT')
